Protein Name,Residues,Amino_acids,Weights,Ranked_Weights,Scores,FGGG Repeats,Protein Name,Sequence_Length
HXA1,0, ,39,8,0.8356,FGGG,HXA1,335
HXA2,0, ,38,25,0.6386,,HXA2,376
HXA3,0, ,37,2,0.9274,,HXA3,443
HXA4,0, ,36,13,0.7769,,HXA4,320
HXA5,0, ,35,7,0.8813,,HXA5,270
HXA6,0, ,34,31,0.5899,,HXA6,233
HXA7,0, ,33,30,0.5988,,HXA7,230
HXA9,0, ,32,39,0.427,,HXA9,272
HXA10,0, ,31,4,0.9126,,HXA10,410
HXA11,0, ,30,27,0.618,,HXA11,313
HXA13,0, ,29,18,0.7296,,HXA13,388
HXB1,0, ,28,5,0.8839,,HXB1,301
HXB2,0, ,27,35,0.4985,,HXB2,356
HXB3,0, ,26,1,0.9503,,HXB3,431
HXB4,0, ,25,23,0.6842,,HXB4,251
HXB5,0, ,24,10,0.8283,,HXB5,269
HXB6,0, ,23,20,0.7232,,HXB6,224
HXB7,0, ,22,14,0.7628,,HXB7,217
HXB8,0, ,21,17,0.7425,,HXB8,243
HXB9,0, ,20,38,0.4337,,HXB9,250
HXB13,83,F,19,26,0.6219,,HXB13,284
HXB13,84,G,19,26,0.6219,,HXC4,264
HXB13,85,G,19,26,0.6219,,HXC5,222
HXB13,86,G,19,26,0.6219,,HXC6,235
HXC4,0, ,18,19,0.7243,,HXC8,242
HXC5,0, ,17,28,0.6168,,HXC9,260
HXC6,0, ,16,33,0.5204,,HXC10,342
HXC8,0, ,15,11,0.785,,HXC11,304
HXC9,0, ,14,36,0.4628,,HXC12,282
HXC10,0, ,13,32,0.5687,,HXC13,330
HXC11,0, ,12,29,0.6136,,HXD1,328
HXC12,0, ,11,21,0.7204,,HXD3,432
HXC13,0, ,10,22,0.7193,,HXD4,255
HXD1,0, ,9,24,0.6833,,HXD8,290
HXD3,0, ,8,6,0.8816,,HXD9,352
HXD4,0, ,7,3,0.9248,,HXD10,340
HXD8,0, ,6,9,0.8335,,HXD11,338
HXD9,0, ,5,12,0.7794,,HXD12,270
HXD10,0, ,4,37,0.4394,,HXD12,343
HXD11,0, ,3,16,0.7486,,,
HXD12,0, ,2,34,0.5148,,,
HXD12,0, ,1,15,0.7529,,,
